Designator,Footprint,Quantity,Value,LCSC Part #
"C1, C10, C11, C17, C2, C4, C5",C_0603_1608Metric,7,100n 16V,C14663
"C12, C13, C18",C_0603_1608Metric,3,1u 16V,C15849
"C14, C15",C_0805_2012Metric,2,10u 16V,C96446
"C16, C9",C_0603_1608Metric,2,DNP,
C3,C_0603_1608Metric,1,12p 50V,C38523
"C6, C7",C_1206_3216Metric,2,47u 10V,C96123
C8,C_Rect_L7.5mm_W6.5mm_P5.00mm,1,1uF MKP,C514201
"D1, D4, D6, D7",D_SMB,4,TVS 30V,C78418
"D2, D3",LED_0603_1608Metric_Pad1.05x0.95mm_HandSolder,2,LED G,C72043
D5,SOT-23,1,BAT54C,C37704
"F1, F2",Fuse_0805_2012Metric_Pad1.15x1.40mm_HandSolder,2,250mA,C269102
"FB1, FB2",L_0805_2012Metric,2,SZ2012K272TF,C185876
J1,"TerminalBlock_Phoenix_MKDS-1,5-3-5.08_1x03_P5.08mm_Horizontal",1,POWER,C581322
"J3, J4, J6, J7",BNC_Amphenol_B6252HB-NPP3G-50_Horizontal,4,BNC,C2837587
R1,R_0805_2012Metric_Pad1.20x1.40mm_HandSolder,1,1Meg 1%,C17514
R10,R_0805_2012Metric_Pad1.20x1.40mm_HandSolder,1,10M 1%,C26108
R11,R_0805_2012Metric_Pad1.20x1.40mm_HandSolder,1,2M2 1%,C26113
R12,R_0805_2012Metric_Pad1.20x1.40mm_HandSolder,1,1M 1%,C17514
"R13, R8",R_0805_2012Metric_Pad1.20x1.40mm_HandSolder,2,220k 1%,C17556
"R14, R17",R_0805_2012Metric_Pad1.20x1.40mm_HandSolder,2,100k 1%,C149504
R15,R_0805_2012Metric_Pad1.20x1.40mm_HandSolder,1,20k 1%,C4328
"R16, R21",R_0805_2012Metric_Pad1.20x1.40mm_HandSolder,2,10k 1%,C17414
R18,R_0805_2012Metric_Pad1.20x1.40mm_HandSolder,1,22M 1%,C62398
R19,R_0805_2012Metric_Pad1.20x1.40mm_HandSolder,1,470R 1%,C17710
"R2, R20",R_0805_2012Metric_Pad1.20x1.40mm_HandSolder,2,470k 1%,C17709
"R22, R23, R24, R6",R_0805_2012Metric_Pad1.20x1.40mm_HandSolder,4,10R 1%,C17415
R3,R_0805_2012Metric_Pad1.20x1.40mm_HandSolder,1,300k 1%,C17616
"R4, R5",R_0603_1608Metric_Pad0.98x0.95mm_HandSolder,2,10k 1%,C25804
R7,R_0805_2012Metric_Pad1.20x1.40mm_HandSolder,1,1k 1%,C17513
R9,R_0805_2012Metric_Pad1.20x1.40mm_HandSolder,1,DNP,
"U1, U2",SOIC-8_3.9x4.9mm_P1.27mm,2,AD8041,C90472
U3,RKJXL100401V,1,RKJXL100401V,C160838
U4,SOT-23-5,1,MAX999EUK+T,C124667
